Game Number,Move Number,Player,Move,Board,Comment
1,1,White,e2e4,"r n b q k b n r
p p p p p p p p
. . . . . . . .
. . . . . . . .
. . . . . . . .
. . . . . . . .
P P P P P P P P
R N B Q K B N R",Ponomariov plays 1. e4 in much the same way as any of the other top-level GMs.
1,2,Black,e7e6,"r n b q k b n r
p p p p p p p p
. . . . . . . .
. . . . . . . .
. . . . P . . .
. . . . . . . .
P P P P . P P P
R N B Q K B N R","Now, along with Pe4 there is an indication Black will place pawns on light-color squares to prevent Bf1 from ever being dangerous. White will probably have to meet 2...d5 with e4-e5 to open the d3-h7 diagonal. So, White needs a Pd4 to support Pe5."
1,3,White,d2d4,"r n b q k b n r
p p p p . p p p
. . . . p . . .
. . . . . . . .
. . . . P . . .
. . . . . . . .
P P P P . P P P
R N B Q K B N R",
1,4,Black,d7d5,"r n b q k b n r
p p p p . p p p
. . . . p . . .
. . . . . . . .
. . . P P . . .
. . . . . . . .
P P P . . P P P
R N B Q K B N R",
1,5,White,b1c3,"r n b q k b n r
p p p . . p p p
. . . . p . . .
. . . p . . . .
. . . P P . . .
. . . . . . . .
P P P . . P P P
R N B Q K B N R","I've had doubts about this move for a long time. It's not so easy to prove it's wrong, but by blocking Pc2 it makes d3 less hospitable for a bishop and it makes Pd4 a little weaker."
1,6,Black,f8b4,"r n b q k b n r
p p p . . p p p
. . . . p . . .
. . . p . . . .
. . . P P . . .
. . N . . . . .
P P P . . P P P
R . B Q K B N R","Winawer Variation -- by pinning Nc3 Black keeps Nc3 awkward. It does, however, give White time for e4-e5."
1,7,White,e4e5,"r n b q k . n r
p p p . . p p p
. . . . p . . .
. . . p . . . .
. b . P P . . .
. . N . . . . .
P P P . . P P P
R . B Q K B N R",
1,8,Black,c7c5,"r n b q k . n r
p p p . . p p p
. . . . p . . .
. . . p P . . .
. b . P . . . .
. . N . . . . .
P P P . . P P P
R . B Q K B N R","Black attacks in a most natural way, though he does leave Pg7 exposed for the moment."
1,9,White,a2a3,"r n b q k . n r
p p . . . p p p
. . . . p . . .
. . p p P . . .
. b . P . . . .
. . N . . . . .
P P P . . P P P
R . B Q K B N R",This is a saving grace which helps White straighten-out his queen-side a bit.
1,10,Black,b4c3,"r n b q k . n r
p p . . . p p p
. . . . p . . .
. . p p P . . .
. b . P . . . .
P . N . . . . .
. P P . . P P P
R . B Q K B N R",
1,11,White,b2c3,"r n b q k . n r
p p . . . p p p
. . . . p . . .
. . p p P . . .
. . . P . . . .
P . b . . . . .
. P P . . P P P
R . B Q K B N R","After this it's clear White has to attack at the base of Black's pawn chain (Pf7, g7, h7) and Black can attack Pc2, Pc3 & Pd4; but both will also be keeping their eyes on the opponent's king, hoping to ensnare him in an attack."
1,12,Black,g8e7,"r n b q k . n r
p p . . . p p p
. . . . p . . .
. . p p P . . .
. . . P . . . .
P . P . . . . .
. . P . . P P P
R . B Q K B N R",
1,13,White,d1g4,"r n b q k . . r
p p . . n p p p
. . . . p . . .
. . p p P . . .
. . . P . . . .
P . P . . . . .
. . P . . P P P
R . B Q K B N R",
1,14,Black,e8g8,"r n b q k . . r
p p . . n p p p
. . . . p . . .
. . p p P . . .
. . . P . . Q .
P . P . . . . .
. . P . . P P P
R . B . K B N R","For a time this was considered bad, but has recently made a come-back. The king seems a little out of place (unlike after ...O-O-O) , but with ...f7-f5 he's been able to slow White's attacks."
1,15,White,f1d3,"r n b q . r k .
p p . . n p p p
. . . . p . . .
. . p p P . . .
. . . P . . Q .
P . P . . . . .
. . P . . P P P
R . B . K B N R",
1,16,Black,f7f5,"r n b q . r k .
p p . . n p p p
. . . . p . . .
. . p p P . . .
. . . P . . Q .
P . P B . . . .
. . P . . P P P
R . B . K . N R",
1,17,White,e5f6,"r n b q . r k .
p p . . n . p p
. . . . p . . .
. . p p P p . .
. . . P . . Q .
P . P B . . . .
. . P . . P P P
R . B . K . N R",
1,18,Black,f8f6,"r n b q . r k .
p p . . n . p p
. . . . p P . .
. . p p . . . .
. . . P . . Q .
P . P B . . . .
. . P . . P P P
R . B . K . N R","Black hasn't blocked-out Bd3, but has more room for his pieces to defend Kg8. The backward Pe6 is hardly of importance when a king's safety is at stake. There is even the possibility of ...e6-e5 (discovering an attack on Qg4) and then ...e5-e4 to block out Bd3."
1,19,White,c1g5,"r n b q . . k .
p p . . n . p p
. . . . p r . .
. . p p . . . .
. . . P . . Q .
P . P B . . . .
. . P . . P P P
R . B . K . N R",
1,20,Black,f6f7,"r n b q . . k .
p p . . n . p p
. . . . p r . .
. . p p . . B .
. . . P . . Q .
P . P B . . . .
. . P . . P P P
R . . . K . N R",
1,21,White,g4h5,"r n b q . . k .
p p . . n r p p
. . . . p . . .
. . p p . . B .
. . . P . . Q .
P . P B . . . .
. . P . . P P P
R . . . K . N R",threatening Qh5xh7+ or Bd3xh7+
1,22,Black,g7g6,"r n b q . . k .
p p . . n r p p
. . . . p . . .
. . p p . . B Q
. . . P . . . .
P . P B . . . .
. . P . . P P P
R . . . K . N R",this secures Ph7 and may serve to provide a support for ...Ne7-f5
1,23,White,h5d1,"r n b q . . k .
p p . . n r . p
. . . . p . p .
. . p p . . B Q
. . . P . . . .
P . P B . . . .
. . P . . P P P
R . . . K . N R","Although he could have played 12. Qh4 I think he might have had it in mind to play h2-h4-h5xg6 to continue the attack on Kg8. In any event after Qd8 moves Black would have ...Ne7-f5, so Qd1 is safer."
1,24,Black,b8c6,"r n b q . . k .
p p . . n r . p
. . . . p . p .
. . p p . . B .
. . . P . . . .
P . P B . . . .
. . P . . P P P
R . . Q K . N R",
1,25,White,g1f3,"r . b q . . k .
p p . . n r . p
. . n . p . p .
. . p p . . B .
. . . P . . . .
P . P B . . . .
. . P . . P P P
R . . Q K . N R","It seems to me this is the moment for Black to define (and begin) his middle-game plan. To develop Bc8-d7 isn't much: ideally Black could now (without White's Pe5) aim for ...e6-e5 when Bc8 could develop to g4 or f5. So, 13...c4 14. Be2 Qd6 might be a good start. If one doesn't like ...c5-c4 then 13...Qd6 could still be played. White can't fight for square e5 so easily."
1,26,Black,d8f8,"r . b q . . k .
p p . . n r . p
. . n . p . p .
. . p p . . B .
. . . P . . . .
P . P B . N . .
. . P . . P P P
R . . Q K . . R",
1,27,White,e1g1,"r . b . . q k .
p p . . n r . p
. . n . p . p .
. . p p . . B .
. . . P . . . .
P . P B . N . .
. . P . . P P P
R . . Q K . . R",
1,28,Black,c5c4,"r . b . . q k .
p p . . n r . p
. . n . p . p .
. . p p . . B .
. . . P . . . .
P . P B . N . .
. . P . . P P P
R . . Q . R K .",
1,29,White,d3e2,"r . b . . q k .
p p . . n r . p
. . n . p . p .
. . . p . . B .
. . p P . . . .
P . P B . N . .
. . P . . P P P
R . . Q . R K .",
1,30,Black,h7h6,"r . b . . q k .
p p . . n r . p
. . n . p . p .
. . . p . . B .
. . p P . . . .
P . P . . N . .
. . P . B P P P
R . . Q . R K .",further weakening the king's position seems unnecessary.
1,31,White,g5c1,"r . b . . q k .
p p . . n r . .
. . n . p . p p
. . . p . . B .
. . p P . . . .
P . P . . N . .
. . P . B P P P
R . . Q . R K .",
1,32,Black,c8d7,"r . b . . q k .
p p . . n r . .
. . n . p . p p
. . . p . . . .
. . p P . . . .
P . P . . N . .
. . P . B P P P
R . B Q . R K .",
1,33,White,f3e1,"r . . . . q k .
p p . b n r . .
. . n . p . p p
. . . p . . . .
. . p P . . . .
P . P . . N . .
. . P . B P P P
R . B Q . R K .","I'm told this is a novelty, which means all which preceded it had been played before. This amazes me because it seems to me Black's play was far from perfect."
1,34,Black,g6g5,"r . . . . q k .
p p . b n r . .
. . n . p . p p
. . . p . . . .
. . p P . . . .
P . P . . . . .
. . P . B P P P
R . B Q N R K .",
1,35,White,g2g3,"r . . . . q k .
p p . b n r . .
. . n . p . . p
. . . p . . p .
. . p P . . . .
P . P . . . . .
. . P . B P P P
R . B Q N R K .","While Black is moving the pawns in front of his king White aims to control f4, leaving Black's center and king weak. Those two factors (if achieved by White) could lead to a won position."
1,36,Black,e7f5,"r . . . . q k .
p p . b n r . .
. . n . p . . p
. . . p . . p .
. . p P . . . .
P . P . . . P .
. . P . B P . P
R . B Q N R K .",
1,37,White,e1g2,"r . . . . q k .
p p . b . r . .
. . n . p . . p
. . . p . n p .
. . p P . . . .
P . P . . . P .
. . P . B P . P
R . B Q N R K .",
1,38,Black,f8g7,"r . . . . q k .
p p . b . r . .
. . n . p . . p
. . . p . n p .
. . p P . . . .
P . P . . . P .
. . P . B P N P
R . B Q . R K .",
1,39,White,f2f4,"r . . . . . k .
p p . b . r q .
. . n . p . . p
. . . p . n p .
. . p P . . . .
P . P . . . P .
. . P . B P N P
R . B Q . R K .",
1,40,Black,f5d6,"r . . . . . k .
p p . b . r q .
. . n . p . . p
. . . p . n p .
. . p P . P . .
P . P . . . P .
. . P . B . N P
R . B Q . R K .",
1,41,White,d1e1,"r . . . . . k .
p p . b . r q .
. . n n p . . p
. . . p . . p .
. . p P . P . .
P . P . . . P .
. . P . B . N P
R . B Q . R K .",
1,42,Black,b7b5,"r . . . . . k .
p p . b . r q .
. . n n p . . p
. . . p . . p .
. . p P . P . .
P . P . . . P .
. . P . B . N P
R . B . Q R K .","White might have found it useful to play a3-a4, but Black uses Pb5 to bind Pa3 & Pc3 which blocks Bc1 and Ra1. This isn't essential to a resolution of the pressures on Pf4, but it could contribute to the pressure on Ponomariov to find his way."
1,43,White,f4g5,"r . . . . . k .
p . . b . r q .
. . n n p . . p
. p . p . . p .
. . p P . P . .
P . P . . . P .
. . P . B . N P
R . B . Q R K .","Ponomariov prefers to simplify the position; rightly so I think. His pieces need room to fight, before Black gets in ...e6-e5."
1,44,Black,f7f1,"r . . . . . k .
p . . b . r q .
. . n n p . . p
. p . p . . P .
. . p P . . . .
P . P . . . P .
. . P . B . N P
R . B . Q R K .",
1,45,White,e2f1,"r . . . . . k .
p . . b . . q .
. . n n p . . p
. p . p . . P .
. . p P . . . .
P . P . . . P .
. . P . B . N P
R . B . Q r K .",
1,46,Black,h6g5,"r . . . . . k .
p . . b . . q .
. . n n p . . p
. p . p . . P .
. . p P . . . .
P . P . . . P .
. . P . . . N P
R . B . Q B K .",
1,47,White,g2e3,"r . . . . . k .
p . . b . . q .
. . n n p . . .
. p . p . . p .
. . p P . . . .
P . P . . . P .
. . P . . . N P
R . B . Q B K .",
1,48,Black,a8f8,"r . . . . . k .
p . . b . . q .
. . n n p . . .
. p . p . . p .
. . p P . . . .
P . P . N . P .
. . P . . . . P
R . B . Q B K .",
1,49,White,f1g2,". . . . . r k .
p . . b . . q .
. . n n p . . .
. p . p . . p .
. . p P . . . .
P . P . N . P .
. . P . . . . P
R . B . Q B K .",
1,50,Black,a7a5,". . . . . r k .
p . . b . . q .
. . n n p . . .
. p . p . . p .
. . p P . . . .
P . P . N . P .
. . P . . . B P
R . B . Q . K .",
1,51,White,c1d2,". . . . . r k .
. . . b . . q .
. . n n p . . .
p p . p . . p .
. . p P . . . .
P . P . N . P .
. . P . . . B P
R . B . Q . K .",
1,52,Black,g7g6,". . . . . r k .
. . . b . . q .
. . n n p . . .
p p . p . . p .
. . p P . . . .
P . P . N . P .
. . P B . . B P
R . . . Q . K .",
1,53,White,e3g4,". . . . . r k .
. . . b . . . .
. . n n p . q .
p p . p . . p .
. . p P . . . .
P . P . N . P .
. . P B . . B P
R . . . Q . K .",Offering Pc2 isn't a problem because Pg5 would fall too.
1,54,Black,f8f5,". . . . . r k .
. . . b . . . .
. . n n p . q .
p p . p . . p .
. . p P . . N .
P . P . . . P .
. . P B . . B P
R . . . Q . K .","Since Black can't play ...e6-e5 this rook move doesn't help much. Better is to stir up trouble all across the board by breaking through White's ""strong"" dark squares with ...b5-b4."
1,55,White,e1e3,". . . . . . k .
. . . b . . . .
. . n n p . q .
p p . p . r p .
. . p P . . N .
P . P . . . P .
. . P B . . B P
R . . . Q . K .",
1,56,Black,g8g7,". . . . . . k .
. . . b . . . .
. . n n p . q .
p p . p . r p .
. . p P . . N .
P . P . Q . P .
. . P B . . B P
R . . . . . K .",
1,57,White,a1b1,". . . . . . . .
. . . b . . k .
. . n n p . q .
p p . p . r p .
. . p P . . N .
P . P . Q . P .
. . P B . . B P
R . . . . . K .",
1,58,Black,g7h7,". . . . . . . .
. . . b . . k .
. . n n p . q .
p p . p . r p .
. . p P . . N .
P . P . Q . P .
. . P B . . B P
. R . . . . K .",
1,59,White,a3a4,". . . . . . . .
. . . b . . . k
. . n n p . q .
p p . p . r p .
. . p P . . N .
P . P . Q . P .
. . P B . . B P
. R . . . . K .","Now it's White who controls b5! An invasion by the White rook could help win the game. One curious thing about this move is that, despite it being White who is forcing matters, Black can benefit to some extent by capturing the gambit pawn and advancing it."
1,60,Black,b5a4,". . . . . . . .
. . . b . . . k
. . n n p . q .
p p . p . r p .
P . p P . . N .
. . P . Q . P .
. . P B . . B P
. R . . . . K .",
1,61,White,d2c1,". . . . . . . .
. . . b . . . k
. . n n p . q .
p . . p . r p .
p . p P . . N .
. . P . Q . P .
. . P B . . B P
. R . . . . K .",
1,62,Black,f5f7,". . . . . . . .
. . . b . . . k
. . n n p . q .
p . . p . r p .
p . p P . . N .
. . P . Q . P .
. . P . . . B P
. R B . . . K .",
1,63,White,c1a3,". . . . . . . .
. . . b . r . k
. . n n p . q .
p . . p . . p .
p . p P . . N .
. . P . Q . P .
. . P . . . B P
. R B . . . K .",
1,64,Black,g6c2,". . . . . . . .
. . . b . r . k
. . n n p . q .
p . . p . . p .
p . p P . . N .
B . P . Q . P .
. . P . . . B P
. R . . . . K .","It's not so easy to see, but this backfires on Black. Had it worked to achieve a victory or draw then we might have to reconsider the notation (""?!"") . Black is trying to achieve, despite unorthodox means, the primary offensive plan -- to bash White's queen-side and, since White's king remains safe, to advance a pawn to promotion. Considering the alternatives this seems a reasonable try; and by doing so he distracts White, to some extent, from his king-side plans."
1,65,White,b1c1,". . . . . . . .
. . . b . r . k
. . n n p . . .
p . . p . . p .
p . p P . . N .
B . P . Q . P .
. . q . . . B P
. R . . . . K .",
1,66,Black,c2f5,". . . . . . . .
. . . b . r . k
. . n n p . . .
p . . p . . p .
p . p P . . N .
B . P . Q . P .
. . q . . . B P
. . R . . . K .",
1,67,White,g2h3,". . . . . . . .
. . . b . r . k
. . n n p . . .
p . . p . q p .
p . p P . . N .
B . P . Q . P .
. . . . . . B P
. . R . . . K .",White threatens Nd6 and to move Ng4-e5.
1,68,Black,d6e4,". . . . . . . .
. . . b . r . k
. . n n p . . .
p . . p . q p .
p . p P . . N .
B . P . Q . P B
. . . . . . . P
. . R . . . K .",
1,69,White,g4e5,". . . . . . . .
. . . b . r . k
. . n . p . . .
p . . p . q p .
p . p P n . N .
B . P . Q . P B
. . . . . . . P
. . R . . . K .",
1,70,Black,f5f2,". . . . . . . .
. . . b . r . k
. . n . p . . .
p . . p N q p .
p . p P n . . .
B . P . Q . P B
. . . . . . . P
. . R . . . K .",
1,71,White,e3f2,". . . . . . . .
. . . b . r . k
. . n . p . . .
p . . p N . p .
p . p P n . . .
B . P . Q . P B
. . . . . q . P
. . R . . . K .",
1,72,Black,f7f2,". . . . . . . .
. . . b . r . k
. . n . p . . .
p . . p N . p .
p . p P n . . .
B . P . . . P B
. . . . . Q . P
. . R . . . K .",
1,73,White,e5d7,". . . . . . . .
. . . b . . . k
. . n . p . . .
p . . p N . p .
p . p P n . . .
B . P . . . P B
. . . . . r . P
. . R . . . K .","Black's combination allows the ""bad"" Bd7 to be traded-off, so he has Rf2 and Ne4 activated, but at a cost. The question now is whether White can neutralize Ne4 & Rf2. To that end Nd7-c5 is in the offing. There may also be an opportunity for Bh3xe6."
1,74,Black,f2a2,". . . . . . . .
. . . N . . . k
. . n . p . . .
p . . p . . p .
p . p P n . . .
B . P . . . P B
. . . . . r . P
. . R . . . K .",
1,75,White,a3c5,". . . . . . . .
. . . N . . . k
. . n . p . . .
p . . p . . p .
p . p P n . . .
B . P . . . P B
r . . . . . . P
. . R . . . K .",
1,76,Black,e4d2,". . . . . . . .
. . . N . . . k
. . n . p . . .
p . B p . . p .
p . p P n . . .
. . P . . . P B
r . . . . . . P
. . R . . . K .",
1,77,White,h3g2,". . . . . . . .
. . . N . . . k
. . n . p . . .
p . B p . . p .
p . p P . . . .
. . P . . . P B
r . . n . . . P
. . R . . . K .",
1,78,Black,a4a3,". . . . . . . .
. . . N . . . k
. . n . p . . .
p . B p . . p .
p . p P . . . .
. . P . . . P .
r . . n . . B P
. . R . . . K .",
1,79,White,d7f8,". . . . . . . .
. . . N . . . k
. . n . p . . .
p . B p . . p .
. . p P . . . .
p . P . . . P .
r . . n . . B P
. . R . . . K .",
1,80,Black,h7h6,". . . . . N . .
. . . . . . . k
. . n . p . . .
p . B p . . p .
. . p P . . . .
p . P . . . P .
r . . n . . B P
. . R . . . K .","Black needs one or two very valuable tempi for his plan to advance Pa3. What can White do in the meantime, nothing except capture Pe6; unless Black puts his king in a dangerous spot!"
1,81,White,c1e1,". . . . . N . .
. . . . . . . .
. . n . p . . k
p . B p . . p .
. . p P . . . .
p . P . . . P .
r . . n . . B P
. . R . . . K .","White is looking for moves which capture material AND check Black's king. This is to gain time for clearing the board of Black pawns. He'll probably have to gambit Bc5xa3 to get rid of that one. Bg2 is purely for defensive work at the moment, but if Pe6 disappears Bxd5 could also become useful."
1,82,Black,e6e5,". . . . . N . .
. . . . . . . .
. . n . p . . k
p . B p . . p .
. . p P . . . .
p . P . . . P .
r . . n . . B P
. . . . R . K .",
1,83,White,d4e5,". . . . . N . .
. . . . . . . .
. . n . . . . k
p . B p p . p .
. . p P . . . .
p . P . . . P .
r . . n . . B P
. . . . R . K .",
1,84,Black,g5g4,". . . . . N . .
. . . . . . . .
. . n . . . . k
p . B p P . p .
. . p . . . . .
p . P . . . P .
r . . n . . B P
. . . . R . K .",
1,85,White,e5e6,". . . . . N . .
. . . . . . . .
. . n . . . . k
p . B p P . . .
. . p . . . p .
p . P . . . P .
r . . n . . B P
. . . . R . K .",moving off a square where Black's Nc6 could sacrifice itself desperado-style
1,86,Black,d2f3,". . . . . N . .
. . . . . . . .
. . n . P . . k
p . B p . . . .
. . p . . . p .
p . P . . . P .
r . . n . . B P
. . . . R . K .",
1,87,White,g2f3,". . . . . N . .
. . . . . . . .
. . n . P . . k
p . B p . . . .
. . p . . . p .
p . P . . n P .
r . . . . . B P
. . . . R . K .",
1,88,Black,g4f3,". . . . . N . .
. . . . . . . .
. . n . P . . k
p . B p . . . .
. . p . . . p .
p . P . . B P .
r . . . . . . P
. . . . R . K .",
1,89,White,g1f1,". . . . . N . .
. . . . . . . .
. . n . P . . k
p . B p . . . .
. . p . . . . .
p . P . . p P .
r . . . . . . P
. . . . R . K .","It looks complicated enough to continue, though White clearly has the upper hand with Pa3 already attacked and Pe6 prepared to advance. White only needs to gobble up a bunch of pawns, so his knight & rook could win an ending without being distracted by Black pawns on the queen-side."
2,1,White,e2e4,"r n b q k b n r
p p p p p p p p
. . . . . . . .
. . . . . . . .
. . . . . . . .
. . . . . . . .
P P P P P P P P
R N B Q K B N R",
2,2,Black,c7c5,"r n b q k b n r
p p p p p p p p
. . . . . . . .
. . . . . . . .
. . . . P . . .
. . . . . . . .
P P P P . P P P
R N B Q K B N R",
2,3,White,g1f3,"r n b q k b n r
p p . p p p p p
. . . . . . . .
. . p . . . . .
. . . . P . . .
. . . . . . . .
P P P P . P P P
R N B Q K B N R",
2,4,Black,e7e6,"r n b q k b n r
p p . p p p p p
. . . . . . . .
. . p . . . . .
. . . . P . . .
. . . . . N . .
P P P P . P P P
R N B Q K B . R","It could be argued the ideal pawn formation for Black is with ...d7-d6 and ...g7-g6 as in a Dragon or with ...e7-e6 and ...b7-b6 as in a Queen's Indian Defense. Both and everything else between are played. I've played the Najdorf and Scheveningen variations, but can easily see the advantages of the Dragon too. I haven't been too fond of 2...e6 because there's no added control of square e5, but that doesn't mean Black can't play ...Ng8-f6. 2...e6 serves a similar purpose to 1...e6 in a French Defense. It limits the scope of Bf1 and frees the way for Bf8 to develop."
2,5,White,d2d4,"r n b q k b n r
p p . p . p p p
. . . . p . . .
. . p . . . . .
. . . . P . . .
. . . . . N . .
P P P P . P P P
R N B Q K B . R",
2,6,Black,c5d4,"r n b q k b n r
p p . p . p p p
. . . . p . . .
. . p . . . . .
. . . P P . . .
. . . . . N . .
P P P . . P P P
R N B Q K B . R","In this Sicilian Variation Black grabs the d-pawn before it can ever serve to support e4-e5. Now, usually, White must use f2-f4 to support the e4-e5 advance. But, that isn't the only plan White can utilize. Instead White aims for general piece activity and freedom of movement to hit Black wherever he can."
2,7,White,f3d4,"r n b q k b n r
p p . p . p p p
. . . . p . . .
. . . . . . . .
. . . p P . . .
. . . . . N . .
P P P . . P P P
R N B Q K B . R",
2,8,Black,b8c6,"r n b q k b n r
p p . p . p p p
. . . . p . . .
. . . . . . . .
. . . N P . . .
. . . . . . . .
P P P . . P P P
R N B Q K B . R",
2,9,White,b1c3,"r . b q k b n r
p p . p . p p p
. . n . p . . .
. . . . . . . .
. . . N P . . .
. . . . . . . .
P P P . . P P P
R N B Q K B . R",
2,10,Black,d8c7,"r . b q k b n r
p p . p . p p p
. . n . p . . .
. . . . . . . .
. . . N P . . .
. . N . . . . .
P P P . . P P P
R . B Q K B . R",
2,11,White,f1e2,"r . b . k b n r
p p q p . p p p
. . n . p . . .
. . . . . . . .
. . . N P . . .
. . N . . . . .
P P P . . P P P
R . B Q K B . R",
2,12,Black,a7a6,"r . b . k b n r
p p q p . p p p
. . n . p . . .
. . . . . . . .
. . . N P . . .
. . N . . . . .
P P P . B P P P
R . B Q K . . R",Black's pawns limit White's knights and Be2. Black seeks to keep open options while discouraging White from any active operations.
2,13,White,e1g1,"r . b . k b n r
. p q p . p p p
p . n . p . . .
. . . . . . . .
. . . N P . . .
. . N . . . . .
P P P . B P P P
R . B Q K . . R",
2,14,Black,g8f6,"r . b . k b n r
. p q p . p p p
p . n . p . . .
. . . . . . . .
. . . N P . . .
. . N . . . . .
P P P . B P P P
R . B Q . R K .","This normal developing move creates an interesting threat: ...Bf8-b4xc3 and ...Nf6xe4. White tends to disregard this as a threat, to some extent, because the weakening of Black's dark squares is compensation for doubled c-file pawns. However, the loss of Pe4 requires more compensation."
2,15,White,c1e3,"r . b . k b . r
. p q p . p p p
p . n . p n . .
. . . . . . . .
. . . N P . . .
. . N . . . . .
P P P . B P P P
R . B Q . R K .",
2,16,Black,f8b4,"r . b . k b . r
. p q p . p p p
p . n . p n . .
. . . . . . . .
. . . N P . . .
. . N . B . . .
P P P . B P P P
R . . Q . R K .",
2,17,White,c3a4,"r . b . k . . r
. p q p . p p p
p . n . p n . .
. . . . . . . .
. b . N P . . .
. . N . B . . .
P P P . B P P P
R . . Q . R K .","This is a most unusual variation, not often played, but popular for a time in the 1980s. It was ""discussed"" several times in the Polugaevsky Memorial/Sicilian Love tournament, Buenos Aires 1994. White exploits the weak dark squares in exchange for Pe4. It might seem impossible, at this early stage, for this to be sufficient compensation for a pawn, but it has shown to be effective."
2,18,Black,b4e7,"r . b . k . . r
. p q p . p p p
p . n . p n . .
. . . . . . . .
N b . N P . . .
. . . . B . . .
P P P . B P P P
R . . Q . R K .",
2,19,White,d4c6,"r . b . k . . r
. p q p b p p p
p . n . p n . .
. . . . . . . .
N . . N P . . .
. . . . B . . .
P P P . B P P P
R . . Q . R K .",
2,20,Black,b7c6,"r . b . k . . r
. p q p b p p p
p . N . p n . .
. . . . . . . .
N . . . P . . .
. . . . B . . .
P P P . B P P P
R . . Q . R K .",
2,21,White,a4b6,"r . b . k . . r
. . q p b p p p
p . p . p n . .
. . . . . . . .
N . . . P . . .
. . . . B . . .
P P P . B P P P
R . . Q . R K .",
2,22,Black,a8b8,"r . b . k . . r
. . q p b p p p
p N p . p n . .
. . . . . . . .
. . . . P . . .
. . . . B . . .
P P P . B P P P
R . . Q . R K .",
2,23,White,b6c8,". r b . k . . r
. . q p b p p p
p N p . p n . .
. . . . . . . .
. . . . P . . .
. . . . B . . .
P P P . B P P P
R . . Q . R K .",
2,24,Black,c7c8,". r N . k . . r
. . q p b p p p
p . p . p n . .
. . . . . . . .
. . . . P . . .
. . . . B . . .
P P P . B P P P
R . . Q . R K .","With 9...Be7 Black has threatened ...Rb8xb2, but left Pe4. White's two bishops and freedom of movement should give him some lasting advantage. Whether Black can utilize Nf6 with advancing central pawns, meant to block White's pieces, is unclear."
2,25,White,e3d4,". r q . k . . r
. . . p b p p p
p . p . p n . .
. . . . . . . .
. . . . P . . .
. . . . B . . .
P P P . B P P P
R . . Q . R K .",
2,26,Black,e8g8,". r q . k . . r
. . . p b p p p
p . p . p n . .
. . . . . . . .
. . . B P . . .
. . . . . . . .
P P P . B P P P
R . . Q . R K .",
2,27,White,d1d3,". r q . . r k .
. . . p b p p p
p . p . p n . .
. . . . . . . .
. . . B P . . .
. . . . . . . .
P P P . B P P P
R . . Q . R K .",
2,28,Black,c8c7,". r q . . r k .
. . . p b p p p
p . p . p n . .
. . . . . . . .
. . . B P . . .
. . . Q . . . .
P P P . B P P P
R . . . . R K .",
2,29,White,b2b3,". r . . . r k .
. . q p b p p p
p . p . p n . .
. . . . . . . .
. . . B P . . .
. . . Q . . . .
P P P . B P P P
R . . . . R K .",
2,30,Black,a6a5,". r . . . r k .
. . q p b p p p
p . p . p n . .
. . . . . . . .
. . . B P . . .
. P . Q . . . .
P . P . B P P P
R . . . . R K .",
2,31,White,a1d1,". r . . . r k .
. . q p b p p p
. . p . p n . .
p . . . . . . .
. . . B P . . .
. P . Q . . . .
P . P . B P P P
R . . . . R K .",White threatens Bxf6 followed by Qxd7 and seems interested only in simple piece play -- tactical opportunism.
2,32,Black,d7d5,". r . . . r k .
. . q p b p p p
. . p . p n . .
p . . . . . . .
. . . B P . . .
. P . Q . . . .
P . P . B P P P
. . . R . R K .",
2,33,White,e4d5,". r . . . r k .
. . q . b p p p
. . p . p n . .
p . . p . . . .
. . . B P . . .
. P . Q . . . .
P . P . B P P P
. . . R . R K .",
2,34,Black,f6d5,". r . . . r k .
. . q . b p p p
. . p . p n . .
p . . P . . . .
. . . B . . . .
. P . Q . . . .
P . P . B P P P
. . . R . R K .",Black accepts that his pawns will be broken up and just improves the knight. From d5 it threatens ...Nd5-f4 to snare Be2 or ... Nd5-b4 to grab Pa2.
2,35,White,e2f3,". r . . . r k .
. . q . b p p p
. . p . p . . .
p . . n . . . .
. . . B . . . .
. P . Q . . . .
P . P . B P P P
. . . R . R K .",
2,36,Black,f8d8,". r . . . r k .
. . q . b p p p
. . p . p . . .
p . . n . . . .
. . . B . . . .
. P . Q . B . .
P . P . . P P P
. . . R . R K .",
2,37,White,c2c4,". r . r . . k .
. . q . b p p p
. . p . p . . .
p . . n . . . .
. . . B . . . .
. P . Q . B . .
P . P . . P P P
. . . R . R K .",
2,38,Black,d5f6,". r . r . . k .
. . q . b p p p
. . p . p . . .
p . . n . . . .
. . P B . . . .
. P . Q . B . .
P . . . . P P P
. . . R . R K .",Black obviously threatens ...c6-c5
2,39,White,d3c3,". r . r . . k .
. . q . b p p p
. . p . p n . .
p . . . . . . .
. . P B . . . .
. P . Q . B . .
P . . . . P P P
. . . R . R K .",White turns the tables a bit and threatens Bd4-e5 which either wins the exchange (Be5xb8) or forces ...Be7-d6 which allows Be5xf6 to win a pawn and weaken Kg8.
2,40,Black,e7d6,". r . r . . k .
. . q . b p p p
. . p . p n . .
p . . . . . . .
. . P B . . . .
. P Q . . B . .
P . . . . P P P
. . . R . R K .","It's amazing he'd offer to trade king-side pawns when Black's pawns are split, leaving Ph7 very weak."
2,41,White,g2g3,". r . r . . k .
. . q . . p p p
. . p b p n . .
p . . . . . . .
. . P B . . . .
. P Q . . B . .
P . . . . P P P
. . . R . R K .","White simply defends his pawn and ""asks"" Black if he can manage to do as well."
2,42,Black,c6c5,". r . r . . k .
. . q . . p p p
. . p b p n . .
p . . . . . . .
. . P B . . . .
. P Q . . B P .
P . . . . P . P
. . . R . R K .",
2,43,White,d4f6,". r . r . . k .
. . q . . p p p
. . . b p n . .
p . p . . . . .
. . P B . . . .
. P Q . . B P .
P . . . . P . P
. . . R . R K .",
2,44,Black,g7f6,". r . r . . k .
. . q . . p p p
. . . b p B . .
p . p . . . . .
. . P . . . . .
. P Q . . B P .
P . . . . P . P
. . . R . R K .",
2,45,White,c3f6,". r . r . . k .
. . q . . p . p
. . . b p p . .
p . p . . . . .
. . P . . . . .
. P Q . . B P .
P . . . . P . P
. . . R . R K .",
2,46,Black,d6e7,". r . r . . k .
. . q . . p . p
. . . b p Q . .
p . p . . . . .
. . P . . . . .
. P . . . B P .
P . . . . P . P
. . . R . R K .",
2,47,White,f6h6,". r . r . . k .
. . q . b p . p
. . . . p Q . .
p . p . . . . .
. . P . . . . .
. P . . . B P .
P . . . . P . P
. . . R . R K .","White has won the pawn, weakened Ph7 and now plans Bf3-e4 (where else could the bishop be of use?) ."
2,48,Black,c7e5,". r . r . . k .
. . q . b p . p
. . . . p . . Q
p . p . . . . .
. . P . . . . .
. P . . . B P .
P . . . . P . P
. . . R . R K .",
2,49,White,d1e1,". r . r . . k .
. . . . b p . p
. . . . p . . Q
p . p . q . . .
. . P . . . . .
. P . . . B P .
P . . . . P . P
. . . R . R K .",White tries to get Bf3-e4 without allowing Black to undercut the effort by ...Rd8xd1.
2,50,Black,e5f6,". r . r . . k .
. . . . b p . p
. . . . p . . Q
p . p . q . . .
. . P . . . . .
. P . . . B P .
P . . . . P . P
. . . . R R K .",
2,51,White,h6h5,". r . r . . k .
. . . . b p . p
. . . . p q . Q
p . p . . . . .
. . P . . . . .
. P . . . B P .
P . . . . P . P
. . . . R R K .",
2,52,Black,e7f8,". r . r . . k .
. . . . b p . p
. . . . p q . .
p . p . . . . Q
. . P . . . . .
. P . . . B P .
P . . . . P . P
. . . . R R K .",
2,53,White,e1e4,". r . r . b k .
. . . . . p . p
. . . . p q . .
p . p . . . . Q
. . P . . . . .
. P . . . B P .
P . . . . P . P
. . . . R R K .",
2,54,Black,d8d4,". r . r . b k .
. . . . . p . p
. . . . p q . .
p . p . . . . Q
. . P . R . . .
. P . . . B P .
P . . . . P . P
. . . . . R K .",
2,55,White,e4d4,". r . . . b k .
. . . . . p . p
. . . . p q . .
p . p . . . . Q
. . P r R . . .
. P . . . B P .
P . . . . P . P
. . . . . R K .",
2,56,Black,f6d4,". r . . . b k .
. . . . . p . p
. . . . p q . .
p . p . . . . Q
. . P R . . . .
. P . . . B P .
P . . . . P . P
. . . . . R K .","preferring not to let White have a three-to-one queen-side pawn majority, even in exchange for a good passed central pawn"
2,57,White,f1e1,". r . . . b k .
. . . . . p . p
. . . . p . . .
p . p . . . . Q
. . P q . . . .
. P . . . B P .
P . . . . P . P
. . . . . R K .",
2,58,Black,d4f6,". r . . . b k .
. . . . . p . p
. . . . p . . .
p . p . . . . Q
. . P q . . . .
. P . . . B P .
P . . . . P . P
. . . . R . K .",clearing the d-file in preparation for ...Rb8-d8
2,59,White,e1e4,". r . . . b k .
. . . . . p . p
. . . . p q . .
p . p . . . . Q
. . P . . . . .
. P . . . B P .
P . . . . P . P
. . . . R . K .","but, White's king-side attack comes first"
2,60,Black,f8g7,". r . . . b k .
. . . . . p . p
. . . . p q . .
p . p . . . . Q
. . P . R . . .
. P . . . B P .
P . . . . P . P
. . . . . . K .",
2,61,White,e4f4,". r . . . . k .
. . . . . p b p
. . . . p q . .
p . p . . . . Q
. . P . R . . .
. P . . . B P .
P . . . . P . P
. . . . . . K .",
2,62,Black,f6e7,". r . . . . k .
. . . . . p b p
. . . . p q . .
p . p . . . . Q
. . P . . R . .
. P . . . B P .
P . . . . P . P
. . . . . . K .",
2,63,White,f4h4,". r . . . . k .
. . . . q p b p
. . . . p . . .
p . p . . . . Q
. . P . . R . .
. P . . . B P .
P . . . . P . P
. . . . . . K .",
2,64,Black,h7h6,". r . . . . k .
. . . . q p b p
. . . . p . . .
p . p . . . . Q
. . P . . . . R
. P . . . B P .
P . . . . P . P
. . . . . . K .",
2,65,White,h4g4,". r . . . . k .
. . . . q p b .
. . . . p . . p
p . p . . . . Q
. . P . . . . R
. P . . . B P .
P . . . . P . P
. . . . . . K .",
2,66,Black,f7f5,". r . . . . k .
. . . . q p b .
. . . . p . . p
p . p . . . . Q
. . P . . . R .
. P . . . B P .
P . . . . P . P
. . . . . . K .",
2,67,White,g4g6,". r . . . . k .
. . . . q . b .
. . . . p . . p
p . p . . p . Q
. . P . . . R .
. P . . . B P .
P . . . . P . P
. . . . . . K .",courageous or risky? White threatens Qh5xh6 or Rg6xe6 with Bf3-d5 to follow.
2,68,Black,g8h7,". r . . . . k .
. . . . q . b .
. . . . p . R p
p . p . . p . Q
. . P . . . . .
. P . . . B P .
P . . . . P . P
. . . . . . K .",
2,69,White,g3g4,". r . . . . . .
. . . . q . b k
. . . . p . R p
p . p . . p . Q
. . P . . . . .
. P . . . B P .
P . . . . P . P
. . . . . . K .",White has to pry the position open before Rg6 is completely trapped and lost.
2,70,Black,b8f8,". r . . . . . .
. . . . q . b k
. . . . p . R p
p . p . . p . Q
. . P . . . P .
. P . . . B . .
P . . . . P . P
. . . . . . K .",
2,71,White,g4f5,". . . . . r . .
. . . . q . b k
. . . . p . R p
p . p . . p . Q
. . P . . . P .
. P . . . B . .
P . . . . P . P
. . . . . . K .",
2,72,Black,f8f5,". . . . . r . .
. . . . q . b k
. . . . p . R p
p . p . . P . Q
. . P . . . . .
. P . . . B . .
P . . . . P . P
. . . . . . K .",
2,73,White,f3e4,". . . . . . . .
. . . . q . b k
. . . . p . R p
p . p . . r . Q
. . P . . . . .
. P . . . B . .
P . . . . P . P
. . . . . . K .",
2,74,Black,f5h5,". . . . . . . .
. . . . q . b k
. . . . p . R p
p . p . . r . Q
. . P . B . . .
. P . . . . . .
P . . . . P . P
. . . . . . K .",
2,75,White,g6e6,". . . . . . . .
. . . . q . b k
. . . . p . R p
p . p . . . . r
. . P . B . . .
. P . . . . . .
P . . . . P . P
. . . . . . K .",
2,76,Black,h7h8,". . . . . . . .
. . . . q . b k
. . . . R . . p
p . p . . . . r
. . P . B . . .
. P . . . . . .
P . . . . P . P
. . . . . . K .",
2,77,White,e6e7,". . . . . . . k
. . . . q . b .
. . . . R . . p
p . p . . . . r
. . P . B . . .
. P . . . . . .
P . . . . P . P
. . . . . . K .","So, they've both survived the confusion and White has the extra pawn, but there are no queens and the bishops travel on different colors. Only the simple back rank mate threat is a concern."
2,78,Black,h5e5,". . . . . . . k
. . . . R . b .
. . . . . . . p
p . p . . . . r
. . P . B . . .
. P . . . . . .
P . . . . P . P
. . . . . . K .",In one stroke Black forces further simplification while avoiding Re7-e8#.
2,79,White,e7e5,". . . . . . . k
. . . . R . b .
. . . . . . . p
p . p . r . . .
. . P . B . . .
. P . . . . . .
P . . . . P . P
. . . . . . K .",
2,80,Black,g7e5,". . . . . . . k
. . . . . . b .
. . . . . . . p
p . p . R . . .
. . P . B . . .
. P . . . . . .
P . . . . P . P
. . . . . . K .",
2,81,White,g1g2,". . . . . . . k
. . . . . . . .
. . . . . . . p
p . p . b . . .
. . P . B . . .
. P . . . . . .
P . . . . P . P
. . . . . . K .",
2,82,Black,h8g7,". . . . . . . k
. . . . . . . .
. . . . . . . p
p . p . b . . .
. . P . B . . .
. P . . . . . .
P . . . . P K P
. . . . . . . .",
2,83,White,e4b1,". . . . . . . .
. . . . . . k .
. . . . . . . p
p . p . b . . .
. . P . B . . .
. P . . . . . .
P . . . . P K P
. . . . . . . .",
2,84,Black,g7f6,". . . . . . . .
. . . . . . k .
. . . . . . . p
p . p . b . . .
. . P . . . . .
. P . . . . . .
P . . . . P K P
. B . . . . . .",
2,85,White,h2h4,". . . . . . . .
. . . . . . . .
. . . . . k . p
p . p . b . . .
. . P . . . . .
. P . . . . . .
P . . . . P K P
. B . . . . . .",
2,86,Black,e5f4,". . . . . . . .
. . . . . . . .
. . . . . k . p
p . p . b . . .
. . P . . . . P
. P . . . . . .
P . . . . P K .
. B . . . . . .",
2,87,White,g2f3,". . . . . . . .
. . . . . . . .
. . . . . k . p
p . p . . . . .
. . P . . b . P
. P . . . . . .
P . . . . P K .
. B . . . . . .",
2,88,Black,f6e5,". . . . . . . .
. . . . . . . .
. . . . . k . p
p . p . . . . .
. . P . . b . P
. P . . . K . .
P . . . . P . .
. B . . . . . .",
2,89,White,f3g4,". . . . . . . .
. . . . . . . .
. . . . . . . p
p . p . k . . .
. . P . . b . P
. P . . . K . .
P . . . . P . .
. B . . . . . .",
2,90,Black,f4c1,". . . . . . . .
. . . . . . . .
. . . . . . . p
p . p . k . . .
. . P . . b K P
. P . . . . . .
P . . . . P . .
. B . . . . . .",
2,91,White,f2f3,". . . . . . . .
. . . . . . . .
. . . . . . . p
p . p . k . . .
. . P . . . K P
. P . . . . . .
P . . . . P . .
. B b . . . . .",
2,92,Black,c1d2,". . . . . . . .
. . . . . . . .
. . . . . . . p
p . p . k . . .
. . P . . . K P
. P . . . P . .
P . . . . . . .
. B b . . . . .",
2,93,White,g4h5,". . . . . . . .
. . . . . . . .
. . . . . . . p
p . p . k . . .
. . P . . . K P
. P . . . P . .
P . . b . . . .
. B . . . . . .",
2,94,Black,e5f6,". . . . . . . .
. . . . . . . .
. . . . . . . p
p . p . k . . K
. . P . . . . P
. P . . . P . .
P . . b . . . .
. B . . . . . .",
2,95,White,b1c2,". . . . . . . .
. . . . . . . .
. . . . . k . p
p . p . . . . K
. . P . . . . P
. P . . . P . .
P . . b . . . .
. B . . . . . .",
2,96,Black,d2c1,". . . . . . . .
. . . . . . . .
. . . . . k . p
p . p . . . . K
. . P . . . . P
. P . . . P . .
P . B b . . . .
. . . . . . . .",
2,97,White,c2e4,". . . . . . . .
. . . . . . . .
. . . . . k . p
p . p . . . . K
. . P . . . . P
. P . . . P . .
P . B . . . . .
. . b . . . . .",
2,98,Black,c1d2,". . . . . . . .
. . . . . . . .
. . . . . k . p
p . p . . . . K
. . P . B . . P
. P . . . P . .
P . . . . . . .
. . b . . . . .",
2,99,White,e4d5,". . . . . . . .
. . . . . . . .
. . . . . k . p
p . p . . . . K
. . P . B . . P
. P . . . P . .
P . . b . . . .
. . . . . . . .",
2,100,Black,d2c1,". . . . . . . .
. . . . . . . .
. . . . . k . p
p . p B . . . K
. . P . . . . P
. P . . . P . .
P . . b . . . .
. . . . . . . .",
2,101,White,a2a4,". . . . . . . .
. . . . . . . .
. . . . . k . p
p . p B . . . K
. . P . . . . P
. P . . . P . .
P . . . . . . .
. . b . . . . .",
2,102,Black,c1e3,". . . . . . . .
. . . . . . . .
. . . . . k . p
p . p B . . . K
P . P . . . . P
. P . . . P . .
. . . . . . . .
. . b . . . . .",
2,103,White,d5g8,". . . . . . . .
. . . . . . . .
. . . . . k . p
p . p B . . . K
P . P . . . . P
. P . . b P . .
. . . . . . . .
. . . . . . . .",
2,104,Black,e3d2,". . . . . . B .
. . . . . . . .
. . . . . k . p
p . p . . . . K
P . P . . . . P
. P . . b P . .
. . . . . . . .
. . . . . . . .",
3,1,White,c2c4,"r n b q k b n r
p p p p p p p p
. . . . . . . .
. . . . . . . .
. . . . . . . .
. . . . . . . .
P P P P P P P P
R N B Q K B N R",
3,2,Black,g8f6,"r n b q k b n r
p p p p p p p p
. . . . . . . .
. . . . . . . .
. . P . . . . .
. . . . . . . .
P P . P P P P P
R N B Q K B N R",
3,3,White,b1c3,"r n b q k b . r
p p p p p p p p
. . . . . n . .
. . . . . . . .
. . P . . . . .
. . . . . . . .
P P . P P P P P
R N B Q K B N R","Since White hasn't yet ""declared"" where Pd2 will be advanced it's not yet clear whether Bf1 will move to g2 (to complement Pc4) or, after d2-d4, go to d3 where it might threaten Black's king-side. Black's next is an ordinary good development move which happens to impede d2-d4 and might be used later ( by ...e5-e4) to fight White's light square bishop. Naturally Black has various plans at his disposal. This is just one. White won't get much of a clue about Black's intentions, so he has to decide what kind of position he wants and go for it."
3,4,Black,e7e5,"r n b q k b . r
p p p p p p p p
. . . . . n . .
. . . . . . . .
. . P . . . . .
. . N . . . . .
P P . P P P P P
R . B Q K B N R","Kasparov has played the King's Indian Defense extensively, but not recently. He's also played the Gruenfeld Defense, but 2...d5 isn't considered all that good, so he finds another choice."
3,5,White,g1f3,"r n b q k b . r
p p p p . p p p
. . . . . n . .
. . . . p . . .
. . P . . . . .
. . N . . . . .
P P . P P P P P
R . B Q K B N R",
3,6,Black,b8c6,"r n b q k b . r
p p p p . p p p
. . . . . n . .
. . . . p . . .
. . P . . . . .
. . N . . N . .
P P . P P P P P
R . B Q K B . R",
3,7,White,e2e4,"r . b q k b . r
p p p p . p p p
. . n . . n . .
. . . . p . . .
. . P . . . . .
. . N . . N . .
P P . P P P P P
R . B Q K B . R","This certainly weakens the c5-f2 diagonal and makes it less possible to utilize Bf1 offensively, unless he can also achieve d2-d4 without his position falling apart."
3,8,Black,f8b4,"r . b q k b . r
p p p p . p p p
. . n . . n . .
. . . . p . . .
. . P . P . . .
. . N . . N . .
P P . P . P P P
R . B Q K B . R","Kasparov keeps the pressure on. This is usually intended to get rid of Nc3, so Black won't have to worry about Nc3-d5. However, in this position it threatens to undermine Pe4. That causes White to postpone d2-d4."
3,9,White,d2d3,"r . b q k . . r
p p p p . p p p
. . n . . n . .
. . . . p . . .
. b P . P . . .
. . N . . N . .
P P . P . P P P
R . B Q K B . R",
3,10,Black,d7d6,"r . b q k . . r
p p p p . p p p
. . n . . n . .
. . . . p . . .
. b P . P . . .
. . N P . N . .
P P . . . P P P
R . B Q K B . R",
3,11,White,h2h3,"r . b q k . . r
p p p . . p p p
. . n p . n . .
. . . . p . . .
. b P . P . . .
. . N P . N . .
P P . . . P P P
R . B Q K B . R","He seems intent on limiting Bc8, but in so doing sets up his own position as a target. It's already getting difficult to find a great plan for White. Expanding on the queen-side by a2-a3 would have to be prefaced with Bc1-d2 and Black could generate some king-side offense before that expansion ever becomes a threat. Essentially Black has three minor pieces ready to fight on the king-side (Nc6, Bc8, Nf6) , whereas White has two (Nf3 and Bc1) ."
3,12,Black,e8g8,"r . b q k . . r
p p p . . p p p
. . n p . n . .
. . . . p . . .
. b P . P . . .
. . N P . N . P
P P . . . P P .
R . B Q K B . R",
3,13,White,f1e2,"r . b q . r k .
p p p . . p p p
. . n p . n . .
. . . . p . . .
. b P . P . . .
. . N P . N . P
P P . . . P P .
R . B Q K B . R",
3,14,Black,c6e7,"r . b q . r k .
p p p . . p p p
. . n p . n . .
. . . . p . . .
. b P . P . . .
. . N P . N . P
P P . . B P P .
R . B Q K . . R","He's apparently decided he can't play on the wing and must fight in the center with ...c7-c6, ...d6-d5, but to do that he has to reorganize a bit."
3,15,White,e1g1,"r . b q . r k .
p p p . n p p p
. . . p . n . .
. . . . p . . .
. b P . P . . .
. . N P . N . P
P P . . B P P .
R . B Q K . . R",
3,16,Black,c7c6,"r . b q . r k .
p p p . n p p p
. . . p . n . .
. . . . p . . .
. b P . P . . .
. . N P . N . P
P P . . B P P .
R . B Q . R K .",
3,17,White,a2a3,"r . b q . r k .
p p . . n p p p
. . p p . n . .
. . . . p . . .
. b P . P . . .
. . N P . N . P
P P . . B P P .
R . B Q . R K .",
3,18,Black,b4c3,"r . b q . r k .
p p . . n p p p
. . p p . n . .
. . . . p . . .
. b P . P . . .
P . N P . N . P
. P . . B P P .
R . B Q . R K .",
3,19,White,b2c3,"r . b q . r k .
p p . . n p p p
. . p p . n . .
. . . . p . . .
. . P . P . . .
P . b P . N . P
. P . . B P P .
R . B Q . R K .","White will have use of the open file, but in an endgame, or late middle-game, his pawns might be targets. On the king-side White's pieces are pretty well situated to meet the oncoming attack, but can do nothing aggressive."
3,20,Black,e7g6,"r . b q . r k .
p p . . n p p p
. . p p . n . .
. . . . p . . .
. . P . P . . .
P . P P . N . P
. . . . B P P .
R . B Q . R K .",
3,21,White,f1e1,"r . b q . r k .
p p . . . p p p
. . p p . n n .
. . . . p . . .
. . P . P . . .
P . P P . N . P
. . . . B P P .
R . B Q . R K .",
3,22,Black,f8e8,"r . b q . r k .
p p . . . p p p
. . p p . n n .
. . . . p . . .
. . P . P . . .
P . P P . N . P
. . . . B P P .
R . B Q R . K .","This seems to indicate Kasparov is considering ...d6-d5, but one would think opening the center could only be good for White's bishops."
3,23,White,e2f1,"r . b q r . k .
p p . . . p p p
. . p p . n n .
. . . . p . . .
. . P . P . . .
P . P P . N . P
. . . . B P P .
R . B Q R . K .",
3,24,Black,c8d7,"r . b q r . k .
p p . . . p p p
. . p p . n n .
. . . . p . . .
. . P . P . . .
P . P P . N . P
. . . . . P P .
R . B Q R B K .",
3,25,White,d1b3,"r . . q r . k .
p p . b . p p p
. . p p . n n .
. . . . p . . .
. . P . P . . .
P . P P . N . P
. . . . . P P .
R . B Q R B K .",
3,26,Black,d8c8,"r . . q r . k .
p p . b . p p p
. . p p . n n .
. . . . p . . .
. . P . P . . .
P Q P P . N . P
. . . . . P P .
R . B . R B K .",
3,27,White,a1b1,"r . q . r . k .
p p . b . p p p
. . p p . n n .
. . . . p . . .
. . P . P . . .
P Q P P . N . P
. . . . . P P .
R . B . R B K .",
3,28,Black,b7b6,"r . q . r . k .
p p . b . p p p
. . p p . n n .
. . . . p . . .
. . P . P . . .
P Q P P . N . P
. . . . . P P .
. R B . R B K .",
3,29,White,g1h2,"r . q . r . k .
p . . b . p p p
. p p p . n n .
. . . . p . . .
. . P . P . . .
P Q P P . N . P
. . . . . P P .
. R B . R B K .","Black probably counted on meeting Bc1-g5 with ...Nf6-h5-f4 with pressure on Ph3. But, Kh2 provides Ph3 extra support, so ...Nf6-h5 is immediately met by g2-g3, leaving Nh5 stranded. So, Bc1-g5 should be prevented."
3,30,Black,h7h6,"r . q . r . k .
p . . b . p p p
. p p p . n n .
. . . . p . . .
. . P . P . . .
P Q P P . N . P
. . . . . P P K
. R B . R B . .","Kasparov is making useful moves, but without committing to a specific plan of offense. Perhaps there isn't one and he's just playing an equal position, in hopes his opponent will allow things to slip a bit."
3,31,White,g2g3,"r . q . r . k .
p . . b . p p .
. p p p . n n p
. . . . p . . .
. . P . P . . .
P Q P P . N . P
. . . . . P P K
. R B . R B . .","This might appear to weaken Nf3, but with Bf1-g2 he shores up his king's position rather neatly. This is the kind of position he could've had straight away. Instead, it's taken him a few moves to get to this and Black is ahead in advancing a plan."
3,32,Black,c8c7,"r . q . r . k .
p . . b . p p .
. p p p . n n p
. . . . p . . .
. . P . P . . .
P Q P P . N P P
. . . . . P . K
. R B . R B . .",
3,33,White,f1g2,"r . . . r . k .
p . q b . p p .
. p p p . n n p
. . . . p . . .
. . P . P . . .
P Q P P . N P P
. . . . . P . K
. R B . R B . .",
3,34,Black,d7e6,"r . . . r . k .
p . q b . p p .
. p p p . n n p
. . . . p . . .
. . P . P . . .
P Q P P . N P P
. . . . . P B K
. R B . R . . .",
3,35,White,f3d2,"r . . . r . k .
p . q . . p p .
. p p p b n n p
. . . . p . . .
. . P . P . . .
P Q P P . N P P
. . . . . P B K
. R B . R . . .",
3,36,Black,a8d8,"r . . . r . k .
p . q . . p p .
. p p p b n n p
. . . . p . . .
. . P . P . . .
P Q P P . . P P
. . . N . P B K
. R B . R . . .",
3,37,White,a3a4,". . . r r . k .
p . q . . p p .
. p p p b n n p
. . . . p . . .
. . P . P . . .
P Q P P . . P P
. . . N . P B K
. R B . R . . .","Is White's position well-coordinated or a shambles? Neither I suppose, but Black's looks more robust and capable of handling a few line openings. Earlier I said ...d6-d5 would favor White's bishops, but now it's not so clear. Black's rooks would benefit from the d-file opening and Bc1 looks useless."
3,38,Black,d6d5,". . . r r . k .
p . q . . p p .
. p p p b n n p
. . . . p . . .
P . P . P . . .
. Q P P . . P P
. . . N . P B K
. R B . R . . .",
3,39,White,a4a5,". . . r r . k .
p . q . . p p .
. p p . b n n p
. . . p p . . .
P . P . P . . .
. Q P P . . P P
. . . N . P B K
. R B . R . . .",White leaves the lines closed to keep Black's pieces from raging all over his pawns.
3,40,Black,d5c4,". . . r r . k .
p . q . . p p .
. p p . b n n p
P . . p p . . .
. . P . P . . .
. Q P P . . P P
. . . N . P B K
. R B . R . . .",
3,41,White,a5b6,". . . r r . k .
p . q . . p p .
. p p . b n n p
P . . . p . . .
. . p . P . . .
. Q P P . . P P
. . . N . P B K
. R B . R . . .",
3,42,Black,a7b6,". . . r r . k .
p . q . . p p .
. P p . b n n p
. . . . p . . .
. . p . P . . .
. Q P P . . P P
. . . N . P B K
. R B . R . . .",
3,43,White,d3c4,". . . r r . k .
. . q . . p p .
. p p . b n n p
. . . . p . . .
. . p . P . . .
. Q P P . . P P
. . . N . P B K
. R B . R . . .",
3,44,Black,f6d7,". . . r r . k .
. . q . . p p .
. p p . b n n p
. . . . p . . .
. . P . P . . .
. Q P . . . P P
. . . N . P B K
. R B . R . . .","Black quickly redistributes his pieces toward the queen-side. But, wasn't he ideally prepared for the ...d6-d5 push beforehand? This seems like overkill or overcaution perhaps."
3,45,White,g2f1,". . . r r . k .
. . q n . p p .
. p p . b . n p
. . . . p . . .
. . P . P . . .
. Q P . . . P P
. . . N . P B K
. R B . R . . .",
3,46,Black,g6e7,". . . r r . k .
. . q n . p p .
. p p . b . n p
. . . . p . . .
. . P . P . . .
. Q P . . . P P
. . . N . P . K
. R B . R B . .","Now the Black rooks don't look so terrific. Only the more-or-less permanent White pawn structure problems seem to justify Black taking this time to maneuver. Of course, if White doesn't take advantage of this moment Black might well jump all over him. Bf1 is blocked. Bc1 is blocked. Nd2 is passive. Re1 is blocked and passive. Only Qb3 & Rb1 are doing something significant."
3,47,White,b3c2,". . . r r . k .
. . q n n p p .
. p p . b . . p
. . . . p . . .
. . P . P . . .
. Q P . . . P P
. . . N . P . K
. R B . R B . .",
3,48,Black,e7c8,". . . r r . k .
. . q n n p p .
. p p . b . . p
. . . . p . . .
. . P . P . . .
. . P . . . P P
. . Q N . P . K
. R B . R B . .",
3,49,White,d2b3,". . n r r . k .
. . q n . p p .
. p p . b . . p
. . . . p . . .
. . P . P . . .
. . P . . . P P
. . Q N . P . K
. R B . R B . .",
3,50,Black,c6c5,". . n r r . k .
. . q n . p p .
. p p . b . . p
. . . . p . . .
. . P . P . . .
. N P . . . P P
. . Q . . P . K
. R B . R B . .","effectively ""killing"" Nb3 and Bc1!"
3,51,White,c1e3,". . n r r . k .
. . q n . p p .
. p . . b . . p
. . p . p . . .
. . P . P . . .
. N P . . . P P
. . Q . . P . K
. R B . R B . .",
3,52,Black,c8d6,". . n r r . k .
. . q n . p p .
. p . . b . . p
. . p . p . . .
. . P . P . . .
. N P . B . P P
. . Q . . P . K
. R . . R B . .",
3,53,White,b3d2,". . . r r . k .
. . q n . p p .
. p . n b . . p
. . p . p . . .
. . P . P . . .
. N P . B . P P
. . Q . . P . K
. R . . R B . .",
3,54,Black,d8a8,". . . r r . k .
. . q n . p p .
. p . n b . . p
. . p . p . . .
. . P . P . . .
. . P . B . P P
. . Q N . P . K
. R . . R B . .",
3,55,White,b1a1,"r . . . r . k .
. . q n . p p .
. p . n b . . p
. . p . p . . .
. . P . P . . .
. . P . B . P P
. . Q N . P . K
. R . . R B . .",
3,56,Black,f7f6,"r . . . r . k .
. . q n . p p .
. p . n b . . p
. . p . p . . .
. . P . P . . .
. . P . B . P P
. . Q N . P . K
R . . . R B . .","He leaves square c6 open for the moment, hoping to maneuver a knight through there before Qc6."
3,57,White,a1a2,"r . . . r . k .
. . q n . . p .
. p . n b p . p
. . p . p . . .
. . P . P . . .
. . P . B . P P
. . Q N . P . K
R . . . R B . .",
3,58,Black,a8a2,"r . . . r . k .
. . q n . . p .
. p . n b p . p
. . p . p . . .
. . P . P . . .
. . P . B . P P
R . Q N . P . K
. . . . R B . .",
3,59,White,c2a2,". . . . r . k .
. . q n . . p .
. p . n b p . p
. . p . p . . .
. . P . P . . .
. . P . B . P P
r . Q N . P . K
. . . . R B . .",
3,60,Black,d7b8,". . . . r . k .
. . q n . . p .
. p . n b p . p
. . p . p . . .
. . P . P . . .
. . P . B . P P
Q . . N . P . K
. . . . R B . .","Apparently Kasparov intends ...Nb8-c6-a5 and possibly ...Qc7-f7 to threaten Pc4. So, Pb6 is a more proper target for White, than invading on the a-file."
3,61,White,f2f4,". n . . r . k .
. . q . . . p .
. p . n b p . p
. . p . p . . .
. . P . P . . .
. . P . B . P P
Q . . N . P . K
. . . . R B . .",Opening this second front when he's arguably positionally worse is dangerous.
3,62,Black,b8c6,". n . . r . k .
. . q . . . p .
. p . n b p . p
. . p . p . . .
. . P . P P . .
. . P . B . P P
Q . . N . . . K
. . . . R B . .",
3,63,White,f4f5,". . . . r . k .
. . q . . . p .
. p n n b p . p
. . p . p . . .
. . P . P P . .
. . P . B . P P
Q . . N . . . K
. . . . R B . .",
3,64,Black,e6f7,". . . . r . k .
. . q . . . p .
. p n n b p . p
. . p . p P . .
. . P . P . . .
. . P . B . P P
Q . . N . . . K
. . . . R B . .","By chasing the bishop onto f7 he prevents ...Qc7-f7. This keeps Pc4 safer. But, it also weakens White's king's safety."
3,65,White,g3g4,". . . . r . k .
. . q . . b p .
. p n n . p . p
. . p . p P . .
. . P . P . . .
. . P . B . P P
Q . . N . . . K
. . . . R B . .",
3,66,Black,c6a5,". . . . r . k .
. . q . . b p .
. p n n . p . p
. . p . p P . .
. . P . P . P .
. . P . B . . P
Q . . N . . . K
. . . . R B . .",
3,67,White,h3h4,". . . . r . k .
. . q . . b p .
. p . n . p . p
n . p . p P . .
. . P . P . P .
. . P . B . . P
Q . . N . . . K
. . . . R B . .",
3,68,Black,g8f8,". . . . r . k .
. . q . . b p .
. p . n . p . p
n . p . p P . .
. . P . P . P P
. . P . B . . .
Q . . N . . . K
. . . . R B . .",
3,69,White,g4g5,". . . . r k . .
. . q . . b p .
. p . n . p . p
n . p . p P . .
. . P . P . P P
. . P . B . . .
Q . . N . . . K
. . . . R B . .",
3,70,Black,h6g5,". . . . r k . .
. . q . . b p .
. p . n . p . p
n . p . p P P .
. . P . P . . P
. . P . B . . .
Q . . N . . . K
. . . . R B . .",
3,71,White,h4g5,". . . . r k . .
. . q . . b p .
. p . n . p . .
n . p . p P p .
. . P . P . . P
. . P . B . . .
Q . . N . . . K
. . . . R B . .",
3,72,Black,f8e7,". . . . r k . .
. . q . . b p .
. p . n . p . .
n . p . p P P .
. . P . P . . .
. . P . B . . .
Q . . N . . . K
. . . . R B . .",
3,73,White,h2g1,". . . . r . . .
. . q . k b p .
. p . n . p . .
n . p . p P P .
. . P . P . . .
. . P . B . . .
Q . . N . . . K
. . . . R B . .",
3,74,Black,e8h8,". . . . r . . .
. . q . k b p .
. p . n . p . .
n . p . p P P .
. . P . P . . .
. . P . B . . .
Q . . N . . . .
. . . . R B K .",Kasparov takes advantage of the newly opened file. With time control nearing this could have a disastrous effect on his opponent's composure. There are many White weaknesses and only a limited number of pieces to defend.
3,75,White,e3f2,". . . . . . . r
. . q . k b p .
. p . n . p . .
n . p . p P P .
. . P . P . . .
. . P . B . . .
Q . . N . . . .
. . . . R B K .",
3,76,Black,h8h5,". . . . . . . r
. . q . k b p .
. p . n . p . .
n . p . p P P .
. . P . P . . .
. . P . . . . .
Q . . N . B . .
. . . . R B K .",
3,77,White,d2f3,". . . . . . . .
. . q . k b p .
. p . n . p . .
n . p . p P P r
. . P . P . . .
. . P . . . . .
Q . . N . B . .
. . . . R B K .",
3,78,Black,c7c6,". . . . . . . .
. . q . k b p .
. p . n . p . .
n . p . p P P r
. . P . P . . .
. . P . . N . .
Q . . . . B . .
. . . . R B K .",
3,79,White,a2c2,". . . . . . . .
. . . . k b p .
. p q n . p . .
n . p . p P P r
. . P . P . . .
. . P . . N . .
Q . . . . B . .
. . . . R B K .",
3,80,Black,f7c4,". . . . . . . .
. . . . k b p .
. p q n . p . .
n . p . p P P r
. . P . P . . .
. . P . . N . .
. . Q . . B . .
. . . . R B K .","It's hard to change gears and not follow through on a plan. And, in this case, it looks pretty good for Black."
3,81,White,f1g2,". . . . . . . .
. . . . k . p .
. p q n . p . .
n . p . p P P r
. . b . P . . .
. . P . . N . .
. . Q . . B . .
. . . . R B K .",
3,82,Black,d6f7,". . . . . . . .
. . . . k . p .
. p q n . p . .
n . p . p P P r
. . b . P . . .
. . P . . N . .
. . Q . . B B .
. . . . R . K .","Going toward the king-side isn't necessary now. Kasparov is split between winning on the queen-side and bashing the exposed Kg1 (well at least it was a couple of moves ago) and this fragments his play. Sticking to winning on the queen-side, in this particular game, should be sufficient to win."
3,83,White,c2d1,". . . . . . . .
. . . . k n p .
. p q . . p . .
n . p . p P P r
. . b . P . . .
. . P . . N . .
. . Q . . B B .
. . . . R . K .",
3,84,Black,c4b3,". . . . . . . .
. . . . k n p .
. p q . . p . .
n . p . p P P r
. . b . P . . .
. . P . . N . .
. . . . . B B .
. . . Q R . K .",
3,85,White,f3e5,". . . . . . . .
. . . . k n p .
. p q . . p . .
n . p . p P P r
. . . . P . . .
. b P . . N . .
. . . . . B B .
. . . Q R . K .",a very nifty tactical shot!
3,86,Black,b3d1,". . . . . . . .
. . . . k n p .
. p q . . p . .
n . p . N P P r
. . . . P . . .
. b P . . . . .
. . . . . B B .
. . . Q R . K .",
3,87,White,e5c6,". . . . . . . .
. . . . k n p .
. p q . . p . .
n . p . N P P r
. . . . P . . .
. . P . . . . .
. . . . . B B .
. . . b R . K .",
3,88,Black,a5c6,". . . . . . . .
. . . . k n p .
. p N . . p . .
n . p . . P P r
. . . . P . . .
. . P . . . . .
. . . . . B B .
. . . b R . K .",
3,89,White,e1d1,". . . . . . . .
. . . . k n p .
. p n . . p . .
. . p . . P P r
. . . . P . . .
. . P . . . . .
. . . . . B B .
. . . b R . K .",
3,90,Black,f7g5,". . . . . . . .
. . . . k n p .
. p n . . p . .
. . p . . P P r
. . . . P . . .
. . P . . . . .
. . . . . B B .
. . . R . . K .","Kasparov has won a pawn, but his attack on Kg1 evaporated and White has the two bishops in a position which is rapidly opening up."
3,91,White,d1b1,". . . . . . . .
. . . . k . p .
. p n . . p . .
. . p . . P n r
. . . . P . . .
. . P . . . . .
. . . . . B B .
. . . R . . K .",
3,92,Black,g5h3,". . . . . . . .
. . . . k . p .
. p n . . p . .
. . p . . P n r
. . . . P . . .
. . P . . . . .
. . . . . B B .
. R . . . . K .",
3,93,White,g2h3,". . . . . . . .
. . . . k . p .
. p n . . p . .
. . p . . P . r
. . . . P . . .
. . P . . . . n
. . . . . B B .
. R . . . . K .",
3,94,Black,h5h3,". . . . . . . .
. . . . k . p .
. p n . . p . .
. . p . . P . r
. . . . P . . .
. . P . . . . B
. . . . . B . .
. R . . . . K .",
3,95,White,b1b6,". . . . . . . .
. . . . k . p .
. p n . . p . .
. . p . . P . .
. . . . P . . .
. . P . . . . r
. . . . . B . .
. R . . . . K .",There goes the extra pawn.
3,96,Black,e7d6,". . . . . . . .
. . . . k . p .
. R n . . p . .
. . p . . P . .
. . . . P . . .
. . P . . . . r
. . . . . B . .
. . . . . . K .",
3,97,White,g1g2,". . . . . . . .
. . . . . . p .
. R n k . p . .
. . p . . P . .
. . . . P . . .
. . P . . . . r
. . . . . B . .
. . . . . . K .",
3,98,Black,h3c3,". . . . . . . .
. . . . . . p .
. R n k . p . .
. . p . . P . .
. . . . P . . .
. . P . . . . r
. . . . . B K .
. . . . . . . .","After 50. Bg3+ Black's Pg7 might well fall, so they call it a draw; though Pc5 is still a threat and one could see Black fighting on. Kasparov was a bit unlucky to have only drawn. Most of the time he'd win that kind of game."
